{
    "1-90080": {
        "numerical_answer": 1,
        "answer_docs": [
            "65c94c88242743ce7015d78352efbbc1",
            "59c16c0a92d9808809ee5c6f9b6f3641",
            "6951a75aa3fddba4328443b5502d34a9"
        ]
    },
    "1-81803": {
        "numerical_answer": 1,
        "answer_docs": ["76033c999c9114c27ddb897c6bfacbc6"]
    },
    "1-81922": {
        "numerical_answer": 1,
        "answer_docs": ["9aeadaa0fec780ce56e260386b6bc61d"]
    },
    "1-82336": {
        "numerical_answer": 1,
        "answer_docs": ["59698f3b2665ac86dd313e8429621d3b"]
    },
    "1-84636": {
        "numerical_answer": 1,
        "answer_docs": ["2b8776c86aa7ad369fee87868893ee0f"]
    },
    "1-83547": {
        "numerical_answer": 1,
        "answer_docs": ["7d5587c797fb8a0859cefbd987d2547c"]
    },
    "1-87905": {
        "numerical_answer": 1,
        "answer_docs": ["b607118e56155d841e9ff80e51c60748"]
    },
    "1-91058": {
        "numerical_answer": 1,
        "answer_docs": ["a6dfa13e5b2195cc0ca7999775dfcc89"]
    },
    "1-91173": {
        "numerical_answer": 1,
        "answer_docs": [
            "544e9868d02f381144191ab6b50056d5",
            "86d19bcf8e706fa288b9120b3d763592"
        ]
    },
    "1-88325": {
        "numerical_answer": 1,
        "answer_docs": ["17fd0d283436120907d44df91e784384"]
    },
    "1-89536": {
        "numerical_answer": 1,
        "answer_docs": [
            "711d18a4b60463c559017326b4acf090",
            "7a18359f9e7eba0b86f1ae9fddd64e78"
        ]
    },
    "1-90634": {
        "numerical_answer": 1,
        "answer_docs": ["dd945fb165591e269336732ec0e3013a"]
    },
    "1-83793": {
        "numerical_answer": 1,
        "answer_docs": [
            "a01b246769b0ec78d310ae4731cb81c2",
            "4ca1cbd3f6ffdda10a145ea48b31c96b"
        ]
    },
    "1-84080": {
        "numerical_answer": 1,
        "answer_docs": [
            "50932c5251b8cf1b491dbdeea926a6ea",
            "fe7bcdf5e4bdbb3bf6df30bcf2379b44",
            "63c727d59c68c1135a575b8dce7ce65f"
        ]
    },
    "1-87590": {
        "numerical_answer": 1,
        "answer_docs": ["b5ef4da56bc3cfa03ba8e881b95d1941"]
    },
    "1-88201": {
        "numerical_answer": 1,
        "answer_docs": ["fc20a84ec21e264ac52adf9886429d33"]
    },
    "1-89893": {
        "numerical_answer": 1,
        "answer_docs": ["bdc0d4a7254d5b090b0954ae5939ff35"]
    },
    "1-91182": {
        "numerical_answer": 1,
        "answer_docs": [
            "fee453ab40210e5ee1d34b68c5ed4d49",
            "8a2bf1dfb23e872559aaf75f86979d8a"
        ]
    },
    "1-90893": {
        "numerical_answer": 1,
        "answer_docs": ["361004dfe9372fdfe533487fcc8fd521"]
    },
    "1-91068": {
        "numerical_answer": 1,
        "answer_docs": ["4c61add3918860c9dc2e71b6f7091c5d"]
    },
    "1-82109": {
        "numerical_answer": 1,
        "answer_docs": ["7fc5b1c3d94bd4b458f771dd368ff722"]
    },
    "1-86036": {
        "numerical_answer": 1,
        "answer_docs": ["7c00a8fb634fad9b01c7644dbe931cf0"]
    },
    "1-89788": {
        "numerical_answer": 1,
        "answer_docs": ["b982f5d9e43533861f5beb1064f4045e"]
    },
    "1-88698": {
        "numerical_answer": 1,
        "answer_docs": [
            "df71bac0ffcf37a4b2470017f16a7988",
            "ecbf9a8a35c2f2a9626ac0114096df97"
        ]
    },
    "1-83322": {
        "numerical_answer": 1,
        "answer_docs": ["92f766e477fe5a9fe0dfae33fb0f9775"]
    },
    "1-87801": {
        "numerical_answer": 1,
        "answer_docs": ["c33c73834ec6e8e4911031989cb74b6c"]
    },
    "1-90521": {
        "numerical_answer": 1,
        "answer_docs": ["ba5fcdd296b6759a3dea9cf2a6683599"]
    },
    "1-92701": {
        "numerical_answer": 1,
        "answer_docs": ["e4e535bd6a9e84af4bd62f482df1c02f"]
    },
    "1-84898": {
        "numerical_answer": 1,
        "answer_docs": ["cb2c84a3dbb67a3a1ea71b6d7036c0fe"]
    },
    "1-90401": {
        "numerical_answer": 1,
        "answer_docs": ["166b72633618e65d0276537f30e7002e"]
    },
    "1-85064": {
        "numerical_answer": 1,
        "answer_docs": ["9fd85fdaaaed87662b7114456d2e87e5"]
    },
    "1-84890": {
        "numerical_answer": 1,
        "answer_docs": ["3e3694b030727be6fc9b2d75430a6253"]
    },
    "1-83680": {
        "numerical_answer": 1,
        "answer_docs": ["5bb81f98a5d2da72dcd5102864d5b961"]
    },
    "1-89782": {
        "numerical_answer": 1,
        "answer_docs": ["01f921643443a6b074594b2baf29ecd9"]
    },
    "1-87806": {
        "numerical_answer": 1,
        "answer_docs": [
            "95649a78c7f1bae749379a50044e7715",
            "0be1362e6d5ebb0d9b7674ff925d6198"
        ]
    },
    "1-90420": {
        "numerical_answer": 1,
        "answer_docs": ["de4ec1dc6698aed750f7da13ee382680"]
    },
    "1-82913": {
        "numerical_answer": 1,
        "answer_docs": [
            "eefc5a7036fa3839094fed5cedf6e190",
            "f5e081d0b616c05ba2c77dcc84df443a"
        ]
    },
    "1-87807": {
        "numerical_answer": 1,
        "answer_docs": [
            "430c7b42ac1df67122e3d6ed9895b35f",
            "ebbab3ef00a74b1a4726a898066567c8"
        ]
    },
    "1-82914": {
        "numerical_answer": 1,
        "answer_docs": [
            "84af2cb5ad312c76839dca4f24cd81df",
            "79b34488445f25db698563bdbd0b6226"
        ]
    },
    "1-83210": {
        "numerical_answer": 1,
        "answer_docs": [
            "601fbf57aef8da03e8cee4fe1a206d13",
            "c1f8c3dd6650c366c2d505131148c472"
        ]
    },
    "1-90653": {
        "numerical_answer": 1,
        "answer_docs": [
            "0bd91382d9dabb36a37ee3f5f0db0ae1",
            "7996d68de55e67216ab2990ab50d5f5d"
        ]
    },
    "1-83334": {
        "numerical_answer": 1,
        "answer_docs": [
            "c347ef9654b29670f12fe3d2a2948eb3",
            "cdf9f77055822a22725fc6221036306e"
        ]
    },
    "1-91081": {
        "numerical_answer": 1,
        "answer_docs": ["e0ee6a63ed6d9128a2591cba0b88c727"]
    },
    "1-83216": {
        "numerical_answer": 1,
        "answer_docs": ["185fec3d03b9c91818aa307909ed92a7"]
    },
    "1-82007": {
        "numerical_answer": 1,
        "answer_docs": ["1a7a41de19ad74ed45c6bf825a9f7d42"]
    },
    "1-83218": {
        "numerical_answer": 1,
        "answer_docs": ["b80d73dbddcfb3d939aed0486022ecc1"]
    },
    "1-83219": {
        "numerical_answer": 1,
        "answer_docs": ["885d1a7ca6d66667109e6018e733c51b"]
    },
    "1-89569": {
        "numerical_answer": 1,
        "answer_docs": ["3324ad2b57f0777f56af2341c4899b77"]
    },
    "1-91756": {
        "numerical_answer": 1,
        "answer_docs": ["852f29a48da65e5e3442ca781b1fd5b6"]
    },
    "1-89445": {
        "numerical_answer": 1,
        "answer_docs": [
            "9d9eeb109e8f9b9d6d7a57e7f75f67f8",
            "307e6d7eafafd3b89ceaf99832e82a0b"
        ]
    },
    "1-89566": {
        "numerical_answer": 1,
        "answer_docs": ["72c8858b864f2538296d55ad68d85e32"]
    },
    "1-90548": {
        "numerical_answer": 1,
        "answer_docs": ["d4f2e96c80988ac2376a33b04532e4d6"]
    },
    "1-83465": {
        "numerical_answer": 1,
        "answer_docs": [
            "42a7e829299b4463e075ce2af42b3bff",
            "75d75c63721fe06fab1ff1cde70b9f99"
        ]
    },
    "1-83467": {
        "numerical_answer": 1,
        "answer_docs": ["0e8af2677d117c3c85d7c810968b72bd"]
    },
    "1-87942": {
        "numerical_answer": 1,
        "answer_docs": ["f2d626f977b49665c2a9b285028183a7"]
    },
    "1-88591": {
        "numerical_answer": 1,
        "answer_docs": [
            "e0ac21b6667e57787ee9b4544a72c104",
            "cc588a989fee8e767bd7024c8565f331"
        ]
    },
    "1-86053": {
        "numerical_answer": 1,
        "answer_docs": [
            "b3b5ce93bec93c3d5c7f719ac8b9475a",
            "9b89f0b5ca002b8db448277fd194fe55"
        ]
    },
    "1-91639": {
        "numerical_answer": 1,
        "answer_docs": [
            "feeaf621b1a23f88e810397f15b10582",
            "3d4ebabedff57630c86550c2a15465c8"
        ]
    },
    "1-87707": {
        "numerical_answer": 1,
        "answer_docs": ["e27a6aa8f2cfc20f8b91884d746275b2"]
    },
    "1-91098": {
        "numerical_answer": 1,
        "answer_docs": ["44fceff4ea14fdf56d3ec3c15b260941"]
    },
    "1-87830": {
        "numerical_answer": 1,
        "answer_docs": ["0549ada988adbc73529ae7b16f1e0555"]
    },
    "1-88127": {
        "numerical_answer": 1,
        "answer_docs": ["f3b0038973f0b7b8e7ce0d47eb876f8c"]
    },
    "1-90675": {
        "numerical_answer": 1,
        "answer_docs": ["9beb5743a096861bb4dd868bc42036f4"]
    },
    "1-90677": {
        "numerical_answer": 1,
        "answer_docs": ["e5973faf47fe1f58eee39d28f695d987"]
    },
    "1-92071": {
        "numerical_answer": 1,
        "answer_docs": ["b04406643d01774600cd5061bbb394b9"]
    },
    "1-87836": {
        "numerical_answer": 1,
        "answer_docs": ["fad6e6e8a0704fba48a151243312524e"]
    },
    "1-87957": {
        "numerical_answer": 1,
        "answer_docs": ["1ffb80192a90317198247fffe39cf2d5"]
    },
    "1-87837": {
        "numerical_answer": 1,
        "answer_docs": [
            "8b1451ca8641bdb3b87b4a539a109346",
            "0b9be50d8474ffdd5634a0b06cfbfc37",
            "5256751319b8aa4023f7680dc4ad085f",
            "0cfa46780b61924dec00d34b02fca26d"
        ]
    },
    "1-90690": {
        "numerical_answer": 1,
        "answer_docs": ["332c421bf3c171f27a92877d7140a26d"]
    },
    "1-88138": {
        "numerical_answer": 1,
        "answer_docs": ["6f85fdad9016c9a683b8814bdc039856"]
    },
    "1-83364": {
        "numerical_answer": 1,
        "answer_docs": [
            "181085666ac5ddcf11a2342f094050b3",
            "cf467c695946f1e3074b0d03103f691d"
        ]
    },
    "1-87724": {
        "numerical_answer": 1,
        "answer_docs": ["abfefb09a4d087503b50982ac058cf48"]
    },
    "1-87722": {
        "numerical_answer": 1,
        "answer_docs": [
            "b4ff2cfa5b0b4df7ecaa6041b8efc699",
            "f273e620b7f77b46bb38abb84d0f5d65"
        ]
    },
    "1-84578": {
        "numerical_answer": 1,
        "answer_docs": [
            "5451792e1cac1d8e2df65afeeebea032",
            "184a57a0b259c566457ffc031c100f9d"
        ]
    },
    "1-87723": {
        "numerical_answer": 1,
        "answer_docs": ["f9f4aefbed0d655d54dc100c72912dd8"]
    },
    "1-87844": {
        "numerical_answer": 1,
        "answer_docs": [
            "bde848db7ff6b3828e8a8de4aa0724be",
            "5d7d42e5eb16ef7eaead2bde33ee7222"
        ]
    },
    "1-87965": {
        "numerical_answer": 1,
        "answer_docs": [
            "97cddd95b2f3f3f96dd645e9435c68ae",
            "a653bd89f6ed5452771d8600b43f4999",
            "5fc930cfd6b3eefa221a1811619c0d22"
        ]
    },
    "1-91897": {
        "numerical_answer": 1,
        "answer_docs": ["34d8c417371ff9fb11ba47483edfeea0"]
    },
    "1-89224": {
        "numerical_answer": 1,
        "answer_docs": ["601456cb1ddbb5b2a63b5fa9a5b4979f"]
    },
    "1-92629": {
        "numerical_answer": 1,
        "answer_docs": ["98fbe546b7d9e1b09ecf1578fca96d97"]
    },
    "1-88816": {
        "numerical_answer": 1,
        "answer_docs": ["f3dfc6da89c1300d00c1b90bb135c34e"]
    },
    "1-90463": {
        "numerical_answer": 1,
        "answer_docs": [
            "92f051e4eb6028434471dc9ecfb6ee02",
            "4f735bf25bdd43dba217a94f694ddd5f"
        ]
    },
    "1-88819": {
        "numerical_answer": 1,
        "answer_docs": ["ae30f9c4207bc4425a69377d2d251509"]
    },
    "1-87973": {
        "numerical_answer": 1,
        "answer_docs": ["96903bfd0ba02373009cc1c07bc9fbfd"]
    },
    "1-85672": {
        "numerical_answer": 1,
        "answer_docs": ["c29204633cd516b86c40de20496d2437"]
    },
    "1-87974": {
        "numerical_answer": 1,
        "answer_docs": ["4badcfa201c445ed57b1c3b97d629ef4"]
    },
    "1-88268": {
        "numerical_answer": 1,
        "answer_docs": ["5158f7f5f3255aefc544a8ae5a3c4373"]
    },
    "1-82046": {
        "numerical_answer": 1,
        "answer_docs": [
            "96f5a5121087145ca0e49bc4440c1c73",
            "1d77801fd4af79eb8f7833bbd50798fe"
        ]
    },
    "1-89914": {
        "numerical_answer": 1,
        "answer_docs": ["d9e0129dfb802efd3e308e11e502226a"]
    },
    "1-82289": {
        "numerical_answer": 1,
        "answer_docs": [
            "cd31ab1ae6a006607e295daa2bf71fde",
            "222e7e5e3f74974338f8584b070a7a0b"
        ]
    },
    "1-83137": {
        "numerical_answer": 1,
        "answer_docs": [
            "9ca07e981db4378d46e839f675f02d7d",
            "c7b63c763fbd93bd02b4a26290fe75f9",
            "391e252709d140d53a735a9d853a8054",
            "76429d41a8a409cef98efdd4d4007baf"
        ]
    },
    "1-82840": {
        "numerical_answer": 1,
        "answer_docs": ["45b6cfeca8772e9d21420bdad3173c7d"]
    },
    "1-84348": {
        "numerical_answer": 1,
        "answer_docs": [
            "29ca64ee2eb4d24871be7d430a085139",
            "6d4788e0615f055ba3792234c65b2fcb"
        ]
    },
    "1-86888": {
        "numerical_answer": 1,
        "answer_docs": ["81dc87ad949a3f45b3f4be4c1577dee0"]
    },
    "1-87734": {
        "numerical_answer": 1,
        "answer_docs": ["1523768cedcd09949e82fe4b077722b0"]
    },
    "1-90335": {
        "numerical_answer": 1,
        "answer_docs": ["c3c2f56d1ec72592179521c9c866ab98"]
    },
    "1-82281": {
        "numerical_answer": 1,
        "answer_docs": ["883fca88f7b833136a0af1a877e56998"]
    },
    "1-89234": {
        "numerical_answer": 1,
        "answer_docs": ["c645197349611c3e8ac4bd37844576a4"]
    },
    "1-84581": {
        "numerical_answer": 1,
        "answer_docs": ["8a39dfc310f54f65af800ad6f90e3c9b"]
    },
    "1-87740": {
        "numerical_answer": 1,
        "answer_docs": ["482224472591f25ed0b62dc803c068b4"]
    },
    "1-88830": {
        "numerical_answer": 1,
        "answer_docs": ["89c5d21dff3a85340f195eb11ca75349"]
    },
    "1-84114": {
        "numerical_answer": 1,
        "answer_docs": ["7d8913f95949225df7ee6621bef58d44"]
    },
    "1-87746": {
        "numerical_answer": 1,
        "answer_docs": ["f0e01196090f43e39afbf651e3b17c8e"]
    },
    "1-84237": {
        "numerical_answer": 1,
        "answer_docs": ["dcaf58f782c4dcb9553bd5a2587ec93c"]
    },
    "1-89923": {
        "numerical_answer": 1,
        "answer_docs": ["0e35a2c9efb4f439bc46d8d90704c671"]
    },
    "1-87745": {
        "numerical_answer": 1,
        "answer_docs": ["55f130f775b28520c5b9887096beb0f5"]
    },
    "1-88274": {
        "numerical_answer": 1,
        "answer_docs": [
            "b8cc7c7c5f88a9f1b6e2e9738d1d5b49",
            "36e70bbe2cbc0748542d29c67b22424d"
        ]
    },
    "1-81880": {
        "numerical_answer": 1,
        "answer_docs": ["ecc4ca628ab7865d775488f7379b700a"]
    },
    "1-84919": {
        "numerical_answer": 1,
        "answer_docs": ["28c78b6e6dce5d68b64a917de1b913fb"]
    },
    "1-82611": {
        "numerical_answer": 1,
        "answer_docs": ["c74cd22e15ceef8ffef6725e46787dd9"]
    },
    "1-89807": {
        "numerical_answer": 1,
        "answer_docs": ["f601075007777c8c7e3bca01e0cc1f43"]
    },
    "1-83823": {
        "numerical_answer": 1,
        "answer_docs": ["00a4747ab229a2ea49288743a55ab22b"]
    },
    "1-82857": {
        "numerical_answer": 1,
        "answer_docs": [
            "81d30874de71b24b34f18e7bafb4cf4d",
            "b9b1311f6641d84241a1390153ece44c"
        ]
    },
    "1-84915": {
        "numerical_answer": 1,
        "answer_docs": [
            "6ec29e65feb117051d252f5e19b62b3b",
            "506cd74a80407bbbb51af11116f41e3a"
        ]
    },
    "1-84122": {
        "numerical_answer": 1,
        "answer_docs": ["e1261488bfd06d8423a1d29fe0bbf97f"]
    },
    "1-87630": {
        "numerical_answer": 1,
        "answer_docs": [
            "ca49be066ece6c0ba7c4428a86dcfd6a",
            "e76be172a6e85f8bf98e9303219d2d6e"
        ]
    },
    "1-87993": {
        "numerical_answer": 1,
        "answer_docs": ["b2d23ebc1eec4a64924713cbd3a0a005"]
    },
    "1-83156": {
        "numerical_answer": 1,
        "answer_docs": [
            "7695832011c4c152c264c537987a8276",
            "388a8e648137d1cda5c59952232e5584"
        ]
    },
    "1-88967": {
        "numerical_answer": 1,
        "answer_docs": ["e90758cb69702d3827cb49faa673f101"]
    },
    "1-88968": {
        "numerical_answer": 1,
        "answer_docs": ["14e903c185a29de73a51118ff53fe526"]
    },
    "1-87997": {
        "numerical_answer": 1,
        "answer_docs": [
            "beb8a0debc9328f690181dfb9d3443c7",
            "56051f1f663def17577163fe3c78e5d8"
        ]
    },
    "1-91325": {
        "numerical_answer": 1,
        "answer_docs": [
            "658bd26c13c0d6f365462c19ea7df065",
            "ec37c8eae3f7a246e728e48ae73a5e73"
        ]
    },
    "1-89257": {
        "numerical_answer": 1,
        "answer_docs": ["b801c1216a6ec4d3350e4bc60f13bcd8"]
    },
    "1-87750": {
        "numerical_answer": 1,
        "answer_docs": ["16f445a92065c732b307c9f7b82a2e6e"]
    },
    "1-88045": {
        "numerical_answer": 1,
        "answer_docs": ["9fd9b37079c2650a0cec5405f9ba19f4"]
    },
    "1-88729": {
        "numerical_answer": 1,
        "answer_docs": [
            "f74cfbbd4f397d85ef2cf71700cd6e43",
            "1ce1347e8db675fce6052125cd27a88f"
        ]
    },
    "1-90374": {
        "numerical_answer": 1,
        "answer_docs": ["35e2d10d9ca9e1f92fa85b0b3368aff3"]
    },
    "1-90250": {
        "numerical_answer": 1,
        "answer_docs": ["86d19bcf8e706fa288b9120b3d763592"]
    },
    "1-88611": {
        "numerical_answer": 1,
        "answer_docs": ["248ba5ad7dfa7deab5f002cf37c8eb4a"]
    },
    "1-88732": {
        "numerical_answer": 1,
        "answer_docs": ["75b265c54b88c1e34f278460c85456f2"]
    },
    "1-85221": {
        "numerical_answer": 1,
        "answer_docs": [
            "41ff9d5e07b92b93435d7428f9c96510",
            "ac8040697b880d1e050737fc843136f3"
        ]
    },
    "1-89700": {
        "numerical_answer": 1,
        "answer_docs": [
            "1bbcfa801118986160ebc784a2dbf002",
            "8c3f588b8cb2091aca3abe8331f098c7"
        ]
    },
    "1-88730": {
        "numerical_answer": 1,
        "answer_docs": [
            "6f0241519073f5045cf96e6a3feab672",
            "12cb9f2319c3a01709e26c07f8027835"
        ]
    },
    "1-87526": {
        "numerical_answer": 1,
        "answer_docs": ["7858fd55016d1fffcc77f8946b05600f"]
    },
    "1-87647": {
        "numerical_answer": 1,
        "answer_docs": ["32861d688251143e7b6290c78ae4b28f"]
    },
    "1-90003": {
        "numerical_answer": 1,
        "answer_docs": ["c33c73834ec6e8e4911031989cb74b6c"]
    },
    "1-84810": {
        "numerical_answer": 1,
        "answer_docs": [
            "05cc1208cdf8ddba433318e2aaadd3a6",
            "4b7015726fb6b06c03f7eb7e09b9c345",
            "27da5dc999dbfce1fa4b4edd821427a6"
        ]
    },
    "1-84931": {
        "numerical_answer": 1,
        "answer_docs": ["3445497e59609d2e1ec4b19408ca5e75"]
    },
    "1-89702": {
        "numerical_answer": 1,
        "answer_docs": ["1370af93221745087fb737d385328440"]
    },
    "1-88053": {
        "numerical_answer": 1,
        "answer_docs": [
            "e20fc3c203ee1479c5a910076a4885ad",
            "19a1225529ea2e644344ca2f85509c13"
        ]
    },
    "1-88057": {
        "numerical_answer": 1,
        "answer_docs": ["7586f53881d5fe0ebed532fd331b2032"]
    },
    "1-83282": {
        "numerical_answer": 1,
        "answer_docs": ["b2451faa7dee2b9d5b06ff1180a40b90"]
    },
    "1-89025": {
        "numerical_answer": 1,
        "answer_docs": ["b63bbf2e505dfdc9f8b74926b3ab7610"]
    },
    "1-87880": {
        "numerical_answer": 1,
        "answer_docs": [
            "dd6e40d83b73fd0492af90721e9212f8",
            "c3abce312d6985a974031979b170cd80"
        ]
    },
    "1-81787": {
        "numerical_answer": 1,
        "answer_docs": ["b27aa5bd3110fade99e7311d50b511df"]
    },
    "1-91111": {
        "numerical_answer": 1,
        "answer_docs": ["59d8b0f3f8f3a2b033a20d24b6b60a6f"]
    },
    "1-82997": {
        "numerical_answer": 1,
        "answer_docs": ["b0236d0b40a45a7373fa7680ef31ae55"]
    },
    "1-84932": {
        "numerical_answer": 1,
        "answer_docs": ["a42a49928d77a9069ef4d77ead08a369"]
    },
    "1-87649": {
        "numerical_answer": 1,
        "answer_docs": ["99115919e5405da6b1d6d6fd30dbaecd"]
    },
    "1-89707": {
        "numerical_answer": 1,
        "answer_docs": ["71dcbf3e39d2ad07e911f3ef7b391484"]
    },
    "1-84814": {
        "numerical_answer": 1,
        "answer_docs": ["bd2a1c249f6d4a6682f20448b46d55eb"]
    },
    "1-91597": {
        "numerical_answer": 1,
        "answer_docs": ["87516b7c4754326bd4305a899427f6c9"]
    },
    "1-86565": {
        "numerical_answer": 1,
        "answer_docs": [
            "b1d5372411b56449cf90f1ef5c4d9481",
            "06f1e6695c232e9c6650d8870e5d4c3e"
        ]
    },
    "1-87774": {
        "numerical_answer": 1,
        "answer_docs": [
            "fde737674bc321f68f4598447f1d144c",
            "ef7e86839775179063ce2fa0a912fffb"
        ]
    },
    "1-88868": {
        "numerical_answer": 1,
        "answer_docs": [
            "4cc3ba460dfc692fa7368a47ab2892c1",
            "dca005ec9d3749f10f37f9eef5cabb3e"
        ]
    },
    "1-87538": {
        "numerical_answer": 1,
        "answer_docs": ["17a32fb2479e9a589555ae9e76cdf501"]
    },
    "1-91105": {
        "numerical_answer": 1,
        "answer_docs": ["b878591f0bb956434a5f719965402340"]
    },
    "1-88064": {
        "numerical_answer": 1,
        "answer_docs": ["9c60229ba592a64798622bf59bacdf4f"]
    },
    "1-89394": {
        "numerical_answer": 1,
        "answer_docs": [
            "468749b440617bbdc420a67ef7c0912e",
            "1ec1dbf22deebd1dc2c2c437245de803"
        ]
    },
    "1-87771": {
        "numerical_answer": 1,
        "answer_docs": [
            "ca5aba91ffcbd38653fb636b029b2fc1",
            "288c2a8fb7962846af8ed5ae1fb5689a"
        ]
    },
    "1-87651": {
        "numerical_answer": 1,
        "answer_docs": [
            "26103d2602885a115799d63a2a3f7bce",
            "d0c74aee937c7e7e59e441e4e43d2a6e",
            "754e0edf4a6c3a216da800689caf2942"
        ]
    },
    "1-88861": {
        "numerical_answer": 1,
        "answer_docs": [
            "def0a69dab6db2ea0e129a048e4d4624",
            "5a259c62a9417b932a400dd3863f65d6"
        ]
    },
    "1-84262": {
        "numerical_answer": 1,
        "answer_docs": ["136769f2cecef1b573af9516cb981eaf"]
    },
    "1-84824": {
        "numerical_answer": 1,
        "answer_docs": [
            "f2298ff53bfd1332ee67598371994c03",
            "ad1fd8e27e52b2e0c8e12194138a21df",
            "81d30874de71b24b34f18e7bafb4cf4d",
            "ccbac0e8feacc0f2ea50434a49398b58",
            "f6013eaba6b4c70df41c5ed53f52b197",
            "e251ec1516a38df61746026cdae3240b",
            "24db181b64dadbf4badbb6c2dbe77617"
        ]
    },
    "1-84948": {
        "numerical_answer": 1,
        "answer_docs": ["390d1aba60eb0bb9c307ad5f0fd4855a"]
    },
    "1-90031": {
        "numerical_answer": 1,
        "answer_docs": [
            "41ff9d5e07b92b93435d7428f9c96510",
            "ac8040697b880d1e050737fc843136f3",
            "fb1722a00a03f591f2ba7ae882f76b30",
            "d69f5451c3b5bddc69c649f88be1c8da",
            "f46af42b04349fa9a3b1234a0e7d6f5b"
        ]
    },
    "1-84156": {
        "numerical_answer": 1,
        "answer_docs": ["4c185a0c660413eca2f93cfddf2cf336"]
    },
    "1-88752": {
        "numerical_answer": 1,
        "answer_docs": ["c16b9243c546e4a7edc58a9d294a83e9"]
    },
    "1-82772": {
        "numerical_answer": 1,
        "answer_docs": [
            "1b8c12fb488407ecfbf953d78a034a47",
            "314918cac218e83bb717bb4473a8fecf"
        ]
    },
    "1-89967": {
        "numerical_answer": 1,
        "answer_docs": ["ef672504d1587e359ef4875f1de0aa3e"]
    },
    "1-82411": {
        "numerical_answer": 1,
        "answer_docs": [
            "81620e3623d18adb2addd258b92949d5",
            "197f72a094ba0108924f6a5e341aef19"
        ]
    },
    "1-90028": {
        "numerical_answer": 1,
        "answer_docs": [
            "9af44c6ee8eb8f0fdb1c4028da863cfb",
            "308cf201c3fa9b0b0211cb82e97ab1b5",
            "7a60e8deb1ae36b2c02db9085786518a"
        ]
    },
    "1-88074": {
        "numerical_answer": 1,
        "answer_docs": [
            "ac0bfec159adf7bc40a70a1ecb1e5f65",
            "dcaf58f782c4dcb9553bd5a2587ec93c"
        ]
    },
    "1-87541": {
        "numerical_answer": 1,
        "answer_docs": [
            "61ec1c21b4c7d08cf6c32ab202bc506f",
            "6749488d67ccb62b64d03fad69a5fc43"
        ]
    },
    "1-89288": {
        "numerical_answer": 1,
        "answer_docs": ["1c9a09150ef17870b5cc3978cbb854bf"]
    },
    "1-86330": {
        "numerical_answer": 1,
        "answer_docs": ["d946a60729e647458a12be6bf1e938c2"]
    },
    "1-89170": {
        "numerical_answer": 1,
        "answer_docs": [
            "f016114ddb55b3f5c16fea2f8d1f2ec7",
            "1a45d73a21522536c411807219ed553e"
        ]
    },
    "1-92345": {
        "numerical_answer": 1,
        "answer_docs": ["7f48f9e41b51bb769fb4a4a1d0d69854"]
    },
    "1-85926": {
        "numerical_answer": 1,
        "answer_docs": [
            "a85f41b3ab23fa8a9dce54dc6f888249",
            "c367dcceb7e2babff1d0e5104784a159"
        ]
    },
    "1-83629": {
        "numerical_answer": 1,
        "answer_docs": ["441b8a536eeb16a6d4f94cf018f6bc10"]
    },
    "1-91010": {
        "numerical_answer": 1,
        "answer_docs": [
            "99115919e5405da6b1d6d6fd30dbaecd",
            "b92a8128f5d8b5eba19ab36517afe6cd"
        ]
    },
    "1-87676": {
        "numerical_answer": 1,
        "answer_docs": ["2fbb340b3c5a61dcbf87454997037794"]
    },
    "1-84169": {
        "numerical_answer": 1,
        "answer_docs": ["bf60b942b0a17577dda2a95f72ba67a3"]
    },
    "1-83873": {
        "numerical_answer": 1,
        "answer_docs": ["a10122d3f568c15cad86f5c6d7b73704"]
    },
    "1-92217": {
        "numerical_answer": 1,
        "answer_docs": ["600142c4c0f5245aa98750ccb9761549"]
    },
    "1-88888": {
        "numerical_answer": 1,
        "answer_docs": ["9c9f5e743498dcfec9e09770e6a2e7b6"]
    },
    "1-89857": {
        "numerical_answer": 1,
        "answer_docs": [
            "87ea8dadbaccf8a66c1d2583803baefb",
            "e54d052cd703e63cc09ff3c406b754a8"
        ]
    },
    "1-84842": {
        "numerical_answer": 1,
        "answer_docs": [
            "96323a80f9c957de5714d6fdb39e28b6",
            "ccdde6c140e5daffd340262f2f904923"
        ]
    },
    "1-84041": {
        "numerical_answer": 1,
        "answer_docs": ["12845b3038749615f045183babdbc113"]
    },
    "1-87673": {
        "numerical_answer": 1,
        "answer_docs": ["2b88f08d293a03b1fdf29c99e63ab8e3"]
    },
    "1-88762": {
        "numerical_answer": 1,
        "answer_docs": ["f904dd20c4506f9cb16bccfbdf1d5ed4"]
    },
    "1-83074": {
        "numerical_answer": 1,
        "answer_docs": ["3f1fd3081aaf39e56abd4625015510d6"]
    },
    "1-90290": {
        "numerical_answer": 1,
        "answer_docs": ["3a05b4deb6b6a2dff5e85d9683008ec9"]
    },
    "1-83997": {
        "numerical_answer": 1,
        "answer_docs": [
            "8636b920fdf99725a8fcc1909a339a6e",
            "0cce0db802c5650b7773d8e9de82eb23"
        ]
    },
    "1-90178": {
        "numerical_answer": 1,
        "answer_docs": ["dade9e879425e424b26993745afe0e7c"]
    },
    "1-82427": {
        "numerical_answer": 1,
        "answer_docs": [
            "f8baa0ee701fe23dbd9e5b0daa69de58",
            "92f766e477fe5a9fe0dfae33fb0f9775"
        ]
    },
    "1-85935": {
        "numerical_answer": 1,
        "answer_docs": ["d41304bc8dd111aeb7bcbcc8f0ba97d1"]
    },
    "1-92596": {
        "numerical_answer": 1,
        "answer_docs": ["bcfc12a25db902e665216a9a860ed53f"]
    },
    "1-84969": {
        "numerical_answer": 1,
        "answer_docs": ["6627cabc8d63fc59b473fd53153ee84b"]
    },
    "1-85819": {
        "numerical_answer": 1,
        "answer_docs": ["f48541b71d05d6e84d66be1dc4f9d2e8"]
    },
    "1-86354": {
        "numerical_answer": 1,
        "answer_docs": ["2566983179c2657f7e227b035494b0fd"]
    },
    "1-89864": {
        "numerical_answer": 1,
        "answer_docs": [
            "3030dcf3006eade2309434e0d42cb7b2",
            "0773d2236933c7177c3f89a35ebd8264"
        ]
    },
    "1-84058": {
        "numerical_answer": 1,
        "answer_docs": [
            "d98d19b56d089359182648fdf3868f83",
            "61deb208c884750e4545338d850f9239"
        ]
    },
    "1-85267": {
        "numerical_answer": 1,
        "answer_docs": ["61f28418e3be57dc235a073371e91775"]
    },
    "1-89621": {
        "numerical_answer": 1,
        "answer_docs": ["22700acecab845b19baa1e99367cfe03"]
    },
    "1-82793": {
        "numerical_answer": 1,
        "answer_docs": [
            "af10d294fa3d62ae57f323193a324455",
            "e8634150468c4644eb185f16e1a27f28"
        ]
    },
    "1-82431": {
        "numerical_answer": 1,
        "answer_docs": [
            "3ca395fa6b571016bd5d753f5bbc22a8",
            "4f80d5d18f2cfe11f12a567ad368a8d8",
            "9e78478abd0676ca61a7e0f25a486cda",
            "e293c794f05dd980f97c5619902e00be"
        ]
    },
    "1-87568": {
        "numerical_answer": 1,
        "answer_docs": ["b5a119e10e21a02174150efbed580711"]
    },
    "1-90963": {
        "numerical_answer": 1,
        "answer_docs": [
            "a29c1f6e65a73f4fe97e8b6ec2655d61",
            "51f73548b78490297cdfffd1c124ebd7"
        ]
    },
    "1-82675": {
        "numerical_answer": 1,
        "answer_docs": ["c05aaba461b519eca06fc50e48a38cc2"]
    },
    "1-92346": {
        "numerical_answer": 1,
        "answer_docs": [
            "f6d78372c45ec7301a230763d126114e",
            "66e442e1c8da03f7e65959d293c6f103"
        ]
    },
    "1-88658": {
        "numerical_answer": 1,
        "answer_docs": ["15a3b0f34b45c2c580fe09d2b438469c"]
    },
    "1-87680": {
        "numerical_answer": 1,
        "answer_docs": ["cb265826be9e0452afb8051cfc1c73b5"]
    },
    "1-90609": {
        "numerical_answer": 1,
        "answer_docs": ["54c1537fcd459a99868d101b51918459"]
    },
    "1-89862": {
        "numerical_answer": 1,
        "answer_docs": ["e72954d0386cf74d2c381c8a4ad8b1b5"]
    },
    "1-86232": {
        "numerical_answer": 1,
        "answer_docs": ["80134e96621cf44925056a9561ef156d"]
    },
    "1-87681": {
        "numerical_answer": 1,
        "answer_docs": [
            "ac087f27366ca5efca42767e72e3564a",
            "8e8f57cd972c5460652839a527afa478",
            "f684b0761a9403c69f2680c242f4df6e"
        ]
    },
    "1-88771": {
        "numerical_answer": 1,
        "answer_docs": [
            "836f8f3205f7bc76de6350ecb99757e1",
            "4902d1a7626a1c9882cc21e92760d1eb"
        ]
    },
    "1-82314": {
        "numerical_answer": 1,
        "answer_docs": ["f740b1a6fb628256d9d16bb21adcf1c5"]
    },
    "1-82439": {
        "numerical_answer": 1,
        "answer_docs": ["0d647fa6fb0a27762de370f18242c130"]
    },
    "1-88787": {
        "numerical_answer": 1,
        "answer_docs": ["0dd89b2dd4118765e2764672035f5350"]
    },
    "1-89635": {
        "numerical_answer": 1,
        "answer_docs": ["e6c6e45ea543fbd17b5252ed296e22d3"]
    },
    "1-86126": {
        "numerical_answer": 1,
        "answer_docs": [
            "73b03119bf22a4558a7347ce6782b269",
            "8c4457d935ab09a0fe42363e741870db"
        ]
    },
    "1-86488": {
        "numerical_answer": 1,
        "answer_docs": ["b284f6d5ece98f521cf1e0e4b6fb45d5"]
    },
    "1-87576": {
        "numerical_answer": 1,
        "answer_docs": ["af0016d42fbe3756150063566c1ace39"]
    },
    "1-88665": {
        "numerical_answer": 1,
        "answer_docs": [
            "6a715be2db1549da62688faf712702a0",
            "1e42eee3161357542b0f739b16b33855",
            "4782fa3fa9f76b31c09357e0be8dc7d0"
        ]
    },
    "1-86249": {
        "numerical_answer": 1,
        "answer_docs": [
            "8323e495fc461586d97d9304ec242799",
            "35365233ac9ad57a27cf10eebf5d1265"
        ]
    },
    "1-91026": {
        "numerical_answer": 1,
        "answer_docs": ["c05d7327876f360d6bb7b67c92d56f87"]
    },
    "1-82444": {
        "numerical_answer": 1,
        "answer_docs": ["d3c28efbab28acca827eff932f638b6d"]
    },
    "1-84064": {
        "numerical_answer": 1,
        "answer_docs": [
            "dd945fb165591e269336732ec0e3013a",
            "3e590f5730a09e723d7b0b380ecfab45"
        ]
    },
    "1-88661": {
        "numerical_answer": 1,
        "answer_docs": ["1a8719c352dda8f7b4bdbe6d08e933c1"]
    },
    "1-90075": {
        "numerical_answer": 1,
        "answer_docs": ["cc16d56d81dee75a2fd971afb8c4f2a8"]
    },
    "1-90074": {
        "numerical_answer": 1,
        "answer_docs": ["56051f1f663def17577163fe3c78e5d8"]
    },
    "1-85045": {
        "numerical_answer": 1,
        "answer_docs": ["b3cb619f02df4cd08d4cb74d7761718b"]
    },
    "1-89887": {
        "numerical_answer": 1,
        "answer_docs": ["ec5704b15317bddb1e3d780b7a275db6"]
    },
    "1-91714": {
        "numerical_answer": 1,
        "answer_docs": [
            "dd7a896cc5c5f66acc992c053c4eb499",
            "28ac084880a07ef9be5f50965b912129",
            "a54ea22463796ee557d69a78b5434290"
        ]
    },
    "1-87901": {
        "numerical_answer": 1,
        "answer_docs": ["a412b41b90e479df925bc5a234bc4597"]
    },
    "1-86933": {
        "numerical_answer": 1,
        "answer_docs": ["a1bbfcb17d1709dabe6d7a0cf4e75dca"]
    },
    "1-84190": {
        "numerical_answer": 1,
        "answer_docs": [
            "62912ea0d371fb74eaf73e2f155cec5b",
            "4c46ce0033bb7d8e450eecbcbd565461",
            "96163728bb02a60f0b4d3540cfb24616",
            "a51c5c4a30d045a72e4360b5232214b8",
            "b10d87c92f766944112878a57cb54be4",
            "e11e5d785cf26898b3bce2ed91dc04c4"
        ]
    },
    "1-84193": {
        "numerical_answer": 1,
        "answer_docs": ["df3bdea0d2c2df7fea0587c4a9f6f668"]
    },
    "1-84074": {
        "numerical_answer": 1,
        "answer_docs": ["12b59b7a0c0fa619cbccd143195972ad"]
    },
    "1-86372": {
        "numerical_answer": 1,
        "answer_docs": ["58839f3a77493f820c4381378399cc92"]
    }
}